Tree.name,GENUS,SPECIFIC,Species,Median_S_upper,Median_W_upper,Median_diff_upper,Median_S_lower,Median_W_lower,Median_diff_lower,Median_S_median,Median_W_median,Median_diff_median,Summer_range,Diff_ratio_upper,Diff_ratio_median,Diff_ratio_lower
Aceros_undulatus,Aceros,undulatus,Wreathed Hornbill,754.75,1569.7,-844,132.8,113,18,175,219,-54.5,621.95,-1.118251077,-0.311428571,0.135542169
Abroscopus_superciliaris,Abroscopus,superciliaris,Yellow-bellied Warbler,1492.5,2986.6,-1479.9,207.4,154.5,44,618,620,-13,1285.1,-0.991557789,-0.021035599,0.212150434
Treron_phoenicopterus,Treron,phoenicopterus,Yellow-footed Green-Pigeon,665.15,1338,-434.15,82.5,76,7.1,185,155,26.5,582.65,-0.652709915,0.143243243,0.086060606
Chloropsis_aurifrons,Chloropsis,aurifrons,Golden-fronted Leafbird,1073.3,1774.25,-656.875,90,79.4,10.5,271,184,78,983.3,-0.612014348,0.287822878,0.116666667
Alophoixus_flaveolus,Alophoixus,flaveolus,White-throated Bulbul,1075.5,1739,-649.8,142,142,0,574,518.25,43,933.5,-0.6041841,0.074912892,0
Picumnus_innominatus,Picumnus,innominatus,Speckled Piculet,1828.95,2749.6,-904.475,171.05,223.6,-34.95,1290,1344,-74.5,1657.9,-0.494532382,-0.057751938,-0.20432622
Pavo_cristatus,Pavo,cristatus,Indian Peafowl,599.75,843.9,-241.275,90,94.5,-1.525,186.5,194.5,-6.5,509.75,-0.402292622,-0.034852547,-0.016944444
Gallus_gallus,Gallus,gallus,Red Junglefowl,1167,1658.1,-451.75,113,111.65,1.45,201.5,191,9.5,1054,-0.387103685,0.047146402,0.012831858
Gracula_religiosa,Gracula,religiosa,Common Hill Myna,1187.825,1630,-413.2,83.75,92.15,-7.625,232,183.5,45,1104.075,-0.34786269,0.193965517,-0.091044776
Abroscopus_schisticeps,Abroscopus,schisticeps,Black-faced Warbler,2722,3620.35,-889.25,1640.325,822.05,828.025,2118,1982,115,1081.675,-0.326689934,0.054296506,0.504793257
Prinia_crinigera,Prinia,crinigera,Striated Prinia,1914,2444.65,-565.8,625.7,562,67.8,1198.5,1398,-214.5,1288.3,-0.295611285,-0.178973717,0.108358638
Dicrurus_paradiseus,Dicrurus,paradiseus,Greater Racket-tailed Drongo,1162.95,1516.25,-336.65,123.55,142,-16,295,323,-29,1039.4,-0.289479341,-0.098305085,-0.129502226
Nectarinia_asiatica,Nectarinia,asiatica,Purple Sunbird,1336.5,1665,-330.9,82.95,75.975,5.35,981,250,731,1253.55,-0.247586981,0.745158002,0.064496685
Enicurus_scouleri,Enicurus,scouleri,Little Forktail,2805,3317.3,-542.2,518.5,334,177.05,1925.5,1598,288,2286.5,-0.193297683,0.14957154,0.341465767
Ninox_scutulata,Ninox,scutulata,Brown Boobook,1166.8,1388.65,-200,44,83,-39,154,238.5,-90,1122.8,-0.171408982,-0.584415584,-0.886363636
Pycnonotus_melanicterus,Pycnonotus,melanicterus,Black-crested Bulbul,987.8,1127,-151.15,125,112.1,14.95,347,286,65.25,862.8,-0.153016805,0.188040346,0.1196
Stachyris_nigriceps,Stachyris,nigriceps,Gray-throated Babbler,2031.15,2325,-276.5,220.75,254.8,-47.7,948,934,46,1810.4,-0.136129779,0.048523207,-0.21608154
Sturnus_contra,Sturnus,contra,Asian Pied Starling,338.5,379.2,-45.2,66.3,76,-9,151.75,142,10,272.2,-0.133530281,0.065897858,-0.135746606
Picus_canus,Picus,canus,Gray-headed Woodpecker,1879.4,2146.35,-249.25,199.9,200.6,1.625,1349,833,481,1679.5,-0.132622113,0.356560415,0.008129065
Chloropsis_hardwickii,Chloropsis,hardwickii,Orange-bellied Leafbird,1914.3,2156,-243.725,229.25,168,58.9,950,1045,-76.75,1685.05,-0.12731808,-0.080789474,0.256924755
Garrulax_squamatus,Garrulax,squamatus,Blue-winged Laughingthrush,2532.15,2855.35,-321.4,1304.6,627.45,701.45,1970,1665,309,1227.55,-0.12692771,0.156852792,0.537674383
Enicurus_schistaceus,Enicurus,schistaceus,Slaty-backed Forktail,2209.6,2486,-266.5,283.45,250,45.95,883,898,-23.5,1926.15,-0.120610065,-0.026613817,0.16210972
Certhia_discolor,Certhia,discolor,Sikkim Treecreeper,2498.15,2808,-298.85,1665,836.5,822.35,1974,1739,233,833.15,-0.119628525,0.118034448,0.493903904
Lonchura_striata,Lonchura,striata,White-rumped Munia,1620.2,1819.5,-178.825,154,176.1,-14.4,798,981,-174,1466.2,-0.110372176,-0.218045113,-0.093506494
Erpornis_zantholeuca,Erpornis,zantholeuca,White-bellied Erpornis,1948.95,2163.4,-189.25,162.1,568,-386.55,1053.5,674,352,1786.85,-0.097103569,0.334124347,-2.384639112
Acridotheres_grandis,Acridotheres,grandis,Great Myna,1463,1562,-140.2,128.3,83,43.5,261,254,10,1334.7,-0.095830485,0.038314176,0.339049104
Yuhina_nigrimenta,Yuhina,nigrimenta,Black-chinned Yuhina,2360.825,2580.7,-222.45,492.6,618.8,-122,1067,1230,-124,1868.225,-0.094225536,-0.116213683,-0.247665449
Garrulax_leucolophus,Garrulax,leucolophus,White-crested Laughingthrush,1807.9,1979.275,-168,421.65,436.875,-10.5,999,1074,-80,1386.25,-0.092925494,-0.08008008,-0.02490217
Dendrocitta_formosae,Dendrocitta,formosae,Gray Treepie,2118.8,2302.4,-180,413.6,502.1,-86.25,1205,1425,-220,1705.2,-0.084953747,-0.182572614,-0.208534816
Yuhina_castaniceps,Yuhina,castaniceps,Striated Yuhina,2109.15,2290.9,-173.35,374.8,286.2,88.6,762,609,160,1734.35,-0.082189508,0.209973753,0.236392743
Irena_puella,Irena,puella,Asian Fairy-bluebird,772.425,833,-60.575,105.4,109.45,-5.55,185.5,182,0,667.025,-0.078421853,0,-0.052656546
Columba_livia,Columba,livia,Rock Pigeon,3373.85,3589.8,-227.9,760.6,186.6,567.3,1425,1425,0,2613.25,-0.067548943,0,0.745858533
Pycnonotus_leucogenys,Pycnonotus,leucogenys,Himalayan Bulbul,1979,2110.25,-131.4,439,390.35,44.5,981,1023.5,-42.5,1540,-0.06639717,-0.04332314,0.101366743
Hypsipetes_mcclellandii,Hypsipetes,mcclellandii,Mountain Bulbul,2293.25,2446,-152.225,439.2,862.6,-402.825,1594,1739,-145,1854.05,-0.066379592,-0.090966123,-0.917178962
Certhia_nipalensis,Certhia,nipalensis,Rusty-flanked Treecreeper,3486.05,3710,-223.95,1556.75,1365.65,175.075,2805,2525.5,265,1929.3,-0.064241764,0.094474153,0.11246186
Buceros_bicornis,Buceros,bicornis,Great Hornbill,999,1067,-57.05,141.225,142,-0.75,358,214,130.75,857.775,-0.057107107,0.365223464,-0.005310674
Enicurus_maculatus,Enicurus,maculatus,Spotted Forktail,2656,2790.05,-148.4,876.2,698.6,175.55,1751,1777,-33,1779.8,-0.055873494,-0.018846374,0.200353801
Passer_montanus,Passer,montanus,Eurasian Tree Sparrow,2600,2723.15,-113.75,400,446,-51.7,1425,1425,0,2200,-0.04375,0,-0.12925
Pomatorhinus_erythrogenys,Pomatorhinus,erythrogenys,Rusty-cheeked Scimitar-Babbler,1880,1960.7,-76.05,767,819.5,-46.9,1425,1425,0,1113,-0.040452128,0,-0.061147327
Urocissa_erythrorhyncha,Urocissa,erythrorhyncha,Red-billed Blue-Magpie,1914.9,2005,-77.325,805,802,1.8,1363,1385,-10,1109.9,-0.040380699,-0.007336757,0.002236025
Phylloscopus_xanthoschistos,Phylloscopus,xanthoschistos,Gray-hooded Warbler,2328,2474,-90.4,695,809.8,-110.875,1444,1488,-40.25,1633,-0.038831615,-0.027873961,-0.159532374
Garrulax_ocellatus,Garrulax,ocellatus,Spotted Laughingthrush,3434,3563.6,-131,1739,2140,-401,2801,2805,-9.75,1695,-0.038147932,-0.0034809,-0.230592294
Cissa_chinensis,Cissa,chinensis,Common Green-Magpie,1951.8,2030,-63.1,256,251.65,5.7,954,865,97,1695.8,-0.032329132,0.101677149,0.022265625
Sitta_castanea,Sitta,castanea,Chestnut-bellied Nuthatch,1979,2029,-59.35,159.5,131.8,26.2,720,589.5,139.75,1819.5,-0.029989894,0.194097222,0.164263323
Acridotheres_tristis,Acridotheres,tristis,Common Myna,1734,1784,-49.375,96.05,101.85,-5.05,981,1270,-289,1637.95,-0.028474625,-0.29459735,-0.052576783
Parus_ater,Parus,ater,Coal Tit,3888.25,3987.6,-98,2593.75,2393.5,191.2,3260,3416,-155.5,1294.5,-0.025204141,-0.047699387,0.073715663
Dendrocopos_darjellensis,Dendrocopos,darjellensis,Darjeeling Woodpecker,3360.25,3445.4,-81.9,1697.75,1560.5,117.225,2677,1912,765,1662.5,-0.024373187,0.28576765,0.069047268
Garrulax_pectoralis,Garrulax,pectoralis,Greater Necklaced Laughingthrush,1700.85,1739,-38.15,160.9,142,16.725,644,620,24,1539.95,-0.022429961,0.037267081,0.103946551
Megalaima_franklinii,Megalaima,franklinii,Golden-throated Barbet,2330,2387.05,-34.875,346,368.7,-33.725,1670.5,1739,-68.5,1984,-0.014967811,-0.041005687,-0.097471098
Prunella_collaris,Prunella,collaris,Alpine Accentor,5074.8,5141.9,-75.4,2675,2357,309.95,4166,3803,338,2399.8,-0.014857728,0.081132981,0.115869159
Megalaima_haemacephala,Megalaima,haemacephala,Coppersmith Barbet,1312.175,1335.825,-19,97,80.4,15.4,816,218,616,1215.175,-0.014479776,0.754901961,0.158762887
Megalaima_asiatica,Megalaima,asiatica,Blue-throated Barbet,1603.15,1622.6,-22,85.3,107.25,-22.75,981,620,361,1517.85,-0.013722983,0.367991845,-0.266705744
Parus_dichrous,Parus,dichrous,Gray-crested Tit,3828.75,3876.4,-49.075,2670.25,2666.35,-9,3310,3389,-79,1158.5,-0.012817499,-0.023867069,-0.003370471
Phaenicophaeus_tristis,Phaenicophaeus,tristis,Green-billed Malkoha,1703.9,1756.4,-19.85,125,133.7,-4.05,633,830.5,-193.5,1578.9,-0.011649745,-0.305687204,-0.0324
Orthotomus_sutorius,Orthotomus,sutorius,Common Tailorbird,1566,1587,-16.725,137,114.975,20.575,981,1121,-129.5,1429,-0.010680077,-0.132008155,0.150182482
Acrocephalus_aedon,Acrocephalus,aedon,Thick-billed Warbler,1425,1425,0,90.45,108,-16.55,1264.5,1425,-148,1334.55,0,-0.117042309,-0.182974019
Athene_brama,Athene,brama,Spotted Owlet,1425,1425,0,152.9,127,26,1425,1425,0,1272.1,0,0,0.170045782
Chrysocolaptes_lucidus,Chrysocolaptes,lucidus,Greater Flameback,1096,1096,0,113,100.95,12.925,232,182,50,983,0,0.215517241,0.114380531
Dendrocitta_vagabunda,Dendrocitta,vagabunda,Rufous Treepie,1425,1425,0,75,85.7,-9.3,718.5,263,415,1350,0,0.577592206,-0.124
Otus_lettia,Otus,lettia,Collared Scops-Owl,1425,1425,0,668,813,-151.25,1425,1425,0,757,0,0,-0.226422156
Parus_xanthogenys,Parus,xanthogenys,Himalayan Black-lored Tit,2328,2328,0,714,626.5,113.45,1425,1390,35,1614,0,0.024561404,0.158893557
Turdoides_striata,Turdoides,striata,Jungle Babbler,1096,1096,0,44,82.4,-38.4,131,235,-106,1052,0,-0.809160305,-0.872727273
Liocichla_phoenicea,Liocichla,phoenicea,Red-faced Liocichla,2050.65,2046.2,5.95,720.5,830,-139.8,1690,1739,-49,1330.15,0.002901519,-0.028994083,-0.194031922
Halcyon_smyrnensis,Halcyon,smyrnensis,White-throated Kingfisher,1430.1,1425,5.1,82.325,86,-5,981,813,183,1347.775,0.003566184,0.186544343,-0.060734892
Leiothrix_argentauris,Leiothrix,argentauris,Silver-eared Mesia,1933.35,1919.2,7.6,435.8,142,291.7,1102,620,470,1497.55,0.003931001,0.426497278,0.669343736
Seicercus_poliogenys,Seicercus,poliogenys,Gray-cheeked Warbler,2482.1,2474,10.8,1037.45,191.8,836.5,1744.5,1469,299.5,1444.65,0.004351154,0.17168243,0.806303918
Actinodura_egertoni,Actinodura,egertoni,Rusty-fronted Barwing,2474,2463,11,1127.6,633.5,494.825,1818,1761,53,1346.4,0.004446241,0.029152915,0.438830259
Otus_spilocephalus,Otus,spilocephalus,Mountain Scops-Owl,2474,2463,11,787.05,518.2,226.3,1837,948,889,1686.95,0.004446241,0.483941208,0.287529382
Celeus_brachyurus,Celeus,brachyurus,Rufous Woodpecker,1425,1425,7.65,278.35,142,141,1353,620,733,1146.65,0.005368421,0.541759054,0.506556494
Macronous_gularis,Macronous,gularis,Pin-striped Tit-Babbler,728.7,760.4,4.1,128.5,142,-13.5,284,202.5,83.25,600.2,0.005626458,0.293133803,-0.105058366
Copsychus_saularis,Copsychus,saularis,Oriental Magpie-Robin,1584,1563.5,11.65,90,110.3,-20,981,1110,-117,1494,0.007354798,-0.119266055,-0.222222222
Ficedula_albicilla,Ficedula,albicilla,Taiga Flycatcher,1457,1442,15.325,110.65,96.925,14.775,802,1320,-531.5,1346.35,0.010518188,-0.662718204,0.133529146
Acridotheres_fuscus,Acridotheres,fuscus,Jungle Myna,1442,1425,17,44.7,102,-56.3,981,1367.5,-386.5,1397.3,0.011789182,-0.393985729,-1.25950783
Passer_rutilans,Passer,rutilans,Russet Sparrow,3176.375,3137.6,38.725,1402,1469.65,-89.05,2318,2312,6,1774.375,0.012191571,0.002588438,-0.063516405
Alcippe_cinerea,Alcippe,cinerea,Yellow-throated Fulvetta,2500,2468.5,31.5,1170.675,870.5,281.325,1778.5,1739,39.5,1329.325,0.0126,0.022209727,0.240310078
Anthracoceros_albirostris,Anthracoceros,albirostris,Oriental Pied-Hornbill,501,489,6.975,96.9,84,11.75,186,172,17,404.1,0.013922156,0.091397849,0.12125903
Aegithalos_concinnus,Aegithalos,concinnus,Black-throated Tit,2956.95,2896.35,50.5,1359.25,1048.7,300.475,1950,1941.5,4.5,1597.7,0.017078408,0.002307692,0.221059408
Loxia_curvirostra,Loxia,curvirostra,Red Crossbill,3474,3416,59.35,1974,1711.4,262.6,2962,2962,0,1500,0.017084053,0,0.133029382
Tyto_alba,Tyto,alba,Barn Owl,2313,2285,42.3,196.4,124,58.85,1353,1425,-72,2116.6,0.018287938,-0.053215078,0.299643585
Pyrrhula_erythrocephala,Pyrrhula,erythrocephala,Red-headed Bullfinch,3885,3811.4,73.35,1974,2192.6,-211.2,3107,2873.25,202.5,1911,0.018880309,0.06517541,-0.106990881
Psittacula_krameri,Psittacula,krameri,Rose-ringed Parakeet,1458.2,1425,29.25,90.1,107,-16.325,1344,1353,-9,1368.1,0.020058977,-0.006696429,-0.181187569
Leiothrix_lutea,Leiothrix,lutea,Red-billed Leiothrix,2734.4,2677,57.4,1367.75,1249.85,106.7,2011,1960,57,1366.65,0.020991808,0.028344107,0.078011332
Paradoxornis_unicolor,Paradoxornis,unicolor,Brown Parrotbill,3288.3,3214.8,76.6,2411.6,2422.5,-11.15,2677,2663,14,876.7,0.023294712,0.005229735,-0.004623486
Parus_monticolus,Parus,monticolus,Green-backed Tit,3046,2962,84,989.85,1067,-76.4,2192,2154,31,2056.15,0.02757715,0.014142336,-0.077183412
Megalaima_virens,Megalaima,virens,Great Barbet,2526,2454.3,70.3,424.55,266,157.35,1446,1488,-43.75,2101.45,0.027830562,-0.030255878,0.370627723
Corvus_splendens,Corvus,splendens,House Crow,2332,2265,67,126,109,16,1344,1353,-9,2206,0.028730703,-0.006696429,0.126984127
Heterophasia_picaoides,Heterophasia,picaoides,Long-tailed Sibia,1791.6,1739,52.6,404.65,513.2,-106.5,960,874,84.5,1386.95,0.029359232,0.088020833,-0.263190411
Streptopelia_decaocto,Streptopelia,decaocto,Eurasian Collared-Dove,1366,1323,40.475,46.6,67.2,-17.5,156.75,141,18.5,1319.4,0.029630307,0.118022329,-0.375536481
Pteruthius_flaviscapis,Pteruthius,flaviscapis,Blyth's Shrike-Babbler,2491.55,2423,73.875,735.75,476.25,259.775,1807,1472.5,333,1755.8,0.029650218,0.184283343,0.353075093
Aceros_nipalensis,Aceros,nipalensis,Rufous-necked Hornbill,2018.2,1971.8,60.75,256.55,428.375,-139.75,1361,1097,268,1761.65,0.03010108,0.196914034,-0.544728123
Pyrrhocorax_pyrrhocorax,Pyrrhocorax,pyrrhocorax,Red-billed Chough,4317,4188.4,132.75,2259.25,2226.45,34.65,2962,2848,114,2057.75,0.030750521,0.038487508,0.015336948
Garrulax_striatus,Garrulax,striatus,Striated Laughingthrush,2762.6,2677,85.6,1229,1273.75,-31.625,1953.5,1739,214.5,1533.6,0.030985304,0.109802918,-0.025732303
Troglodytes_troglodytes,Troglodytes,troglodytes,Eurasian Wren,4359,4225,135.6,2251.6,1849,456.075,3696,3398,302,2107.4,0.031108052,0.081709957,0.20255596
Urocissa_flavirostris,Urocissa,flavirostris,Yellow-billed Blue-Magpie,3434,3320,114.275,2089,1951.5,145.3,2676,2598,73,1345,0.033277519,0.027279522,0.069554811
Stachyris_ruficeps,Stachyris,ruficeps,Rufous-capped Babbler,2839,2744.8,95.325,1394.65,258,1110.1,2107.5,1848,242,1444.35,0.033576964,0.114827995,0.795970315
Garrulax_affinis,Garrulax,affinis,Black-faced Laughingthrush,4037.8,3898.45,140.875,2134.15,1739,394.25,3104,2879,220,1903.65,0.034889048,0.070876289,0.184733969
Dendrocopos_canicapillus,Dendrocopos,canicapillus,Gray-capped Woodpecker,1769.25,1695.8,65.125,118,97.25,19.275,368,589.5,-217.5,1651.25,0.036809383,-0.591032609,0.163347458
Heterophasia_capistrata,Heterophasia,capistrata,Rufous Sibia,2911.6,2805,107.65,1113,430.7,664.15,2214,2114,96.5,1798.6,0.036972798,0.043586269,0.596720575
Tephrodornis_gularis,Tephrodornis,gularis,Large Woodshrike,1016.4,974.95,40.375,76,102,-18.05,512,402,123.25,940.4,0.039723534,0.240722656,-0.2375
Parus_spilonotus,Parus,spilonotus,Yellow-cheeked Tit,2576.4,2472.5,103.9,1230.8,765.2,425.9,1996,1838,142,1345.6,0.040327589,0.071142285,0.346035099
Alcippe_nipalensis,Alcippe,nipalensis,Nepal Fulvetta,2124.25,2042,85.825,404.45,504,-100.5,1038.5,933,124.5,1719.8,0.040402495,0.119884449,-0.248485598
Parus_rubidiventris,Parus,rubidiventris,Rufous-vented Tit,4018.25,3852.5,162.75,2767,2629.6,103.5,3446,3398,47.5,1251.25,0.040502706,0.013784098,0.037405132
Hemipus_picatus,Hemipus,picatus,Bar-winged Flycatcher-shrike,2153.35,2052.6,87.5,260.75,319,-71.5,1115,838,274,1892.6,0.04063436,0.24573991,-0.274209012
Niltava_grandis,Niltava,grandis,Large Niltava,2431.85,2325,107.65,885.4,142,743.4,1771.5,1714,57.5,1546.45,0.044266711,0.032458369,0.839620511
Centropus_sinensis,Centropus,sinensis,Greater Coucal,1425,1383.3,63.15,87.3,85.375,2,813,188,622,1337.7,0.044315789,0.765067651,0.022909507
Yuhina_flavicollis,Yuhina,flavicollis,Whiskered Yuhina,2805,2677,128,814.6,620,187.4,1974,1739,235,1990.4,0.045632799,0.119047619,0.230051559
Leucosticte_nemoricola,Leucosticte,nemoricola,Plain Mountain-Finch,4339,4135.4,202.7,2284.5,2536.3,-256.8,3434,3445,-56,2054.5,0.046715833,-0.016307513,-0.112409718
Garrulax_caerulatus,Garrulax,caerulatus,Gray-sided Laughingthrush,2802.9,2677,131.65,1639.9,1597.8,55.1,2089,1938.5,150.5,1163,0.04696921,0.07204404,0.03359961
Pteruthius_melanotis,Pteruthius,melanotis,Black-eared Shrike-Babbler,2631,2508.75,127.8,711.15,614.75,105.75,1837,1739,88.5,1919.85,0.048574686,0.048176375,0.148702805
Corvus_macrorhynchos,Corvus,macrorhynchos,Large-billed Crow,3597.375,3417,179.875,186,151,35,1425,1425,0,3411.375,0.050001737,0,0.188172043
Pycnonotus_cafer,Pycnonotus,cafer,Red-vented Bulbul,1975.95,1876.5,98.85,99,110.25,-11.075,1145.5,971,177,1876.95,0.050026569,0.154517678,-0.111868687
Lophura_leucomelanos,Lophura,leucomelanos,Kalij Pheasant,3160.4,2999.4,160,657,513,114.7,1982,1911.25,84.5,2503.4,0.050626503,0.042633703,0.174581431
Psittacula_alexandri,Psittacula,alexandri,Red-breasted Parakeet,445.525,420.5,22.9,76,80.7,-4.6,172,150,15,369.525,0.051400034,0.087209302,-0.060526316
Sitta_himalayensis,Sitta,himalayensis,White-tailed Nuthatch,2927.3,2766.35,160.475,1540.35,875,651.2,2224,2096.5,129.5,1386.95,0.054820141,0.058228417,0.422761061
Carpodacus_thura,Carpodacus,thura,Himalayan White-browed Rosefinch,4234.7,4002,232.5,2963.4,2332,622.75,3722,3434,288,1271.3,0.054903535,0.077377754,0.210147128
Hemixos_flavala,Hemixos,flavala,Ashy Bulbul,1770.625,1718.3,101.5,193.55,142,49.4,695,620,74,1577.075,0.057324391,0.10647482,0.255231206
Blythipicus_pyrrhotis,Blythipicus,pyrrhotis,Bay Woodpecker,2473.625,2331.7,142,591.6,577.2,24.5,1739,1739,0,1882.025,0.057405629,0,0.041413117
Garrulax_albogularis,Garrulax,albogularis,White-throated Laughingthrush,3232.35,3031.95,191.225,1668.6,1413.75,230.775,2558,2265,293,1563.75,0.059159744,0.114542611,0.138304567
Alcippe_vinipectus,Alcippe,vinipectus,White-browed Fulvetta,3691.125,3466.6,224.525,2084.5,1971.8,79.05,2893,2768,124.5,1606.625,0.060828338,0.043034912,0.037922763
Myophonus_caeruleus,Myophonus,caeruleus,Blue Whistling-Thrush,3155.75,2962,193.75,552.875,262.125,280.6,1943,1604,334.5,2602.875,0.061395865,0.172156459,0.507528827
Psarisomus_dalhousiae,Psarisomus,dalhousiae,Long-tailed Broadbill,1882,1764.2,122.2,330,142,190.875,948,695,259,1552,0.064930925,0.273206751,0.578409091
Saxicola_caprata,Saxicola,caprata,Pied Bushchat,1587,1463.55,103.65,161.575,101.5,57.725,1423,1314,102,1425.425,0.065311909,0.07167955,0.357264428
Hypsipetes_leucocephalus,Hypsipetes,leucocephalus,Black Bulbul,2722,2547.75,180.175,341.2,184.7,153.85,1650,1531,97,2380.8,0.066192138,0.058787879,0.450908558
Nucifraga_caryocatactes,Nucifraga,caryocatactes,Eurasian Nutcracker,3722,3471.5,250.5,2440.6,2251.25,178.6,2962,2848,115,1281.4,0.067302526,0.038825118,0.073178727
Coracina_macei,Coracina,macei,Large Cuckooshrike,1594.2,1486.2,111.15,91,108.25,-14.9,812,643.25,206,1503.2,0.06972149,0.253694581,-0.163736264
Cutia_nipalensis,Cutia,nipalensis,Himalayan Cutia,2647.45,2463,188.8,1238.1,622,596.7,1817.5,1739,78.5,1409.35,0.071313906,0.043191197,0.481948146
Ploceus_philippinus,Ploceus,philippinus,Baya Weaver,1425,1357.725,102,97.55,96.3,3.7,218,186,32,1327.45,0.071578947,0.146788991,0.037929267
Niltava_sundara,Niltava,sundara,Rufous-bellied Niltava,2875,2676.5,205.9,714,157,562.9,1979,898,1078.75,2161,0.071617391,0.545098535,0.78837535
Garrulus_glandarius,Garrulus,glandarius,Eurasian Jay,3140,2913,227,1770,1800,-30,2588.5,2538,70.75,1370,0.072292994,0.027332432,-0.016949153
Stachyris_chrysaea,Stachyris,chrysaea,Golden Babbler,2473.775,2290,184,515,606.6,-86.9,1653,1637.5,9.5,1958.775,0.074380249,0.005747126,-0.168737864
Seicercus_castaniceps,Seicercus,castaniceps,Chestnut-crowned Warbler,2722,2516.9,205.1,981,620,361,2081,1739,346,1741,0.075349008,0.166266218,0.367991845
Lophophorus_impejanus,Lophophorus,impejanus,Himalayan Monal,4053.4,3741.75,311.65,2715,2510.65,195.35,3509,3411.5,96.5,1338.4,0.076886071,0.027500712,0.071952118
Pomatorhinus_ruficollis,Pomatorhinus,ruficollis,Streak-breasted Scimitar-Babbler,3006,2776.8,235.8,1621,1596.1,25.625,2293,2255,34.5,1385,0.078443114,0.015045792,0.015808143
Picus_flavinucha,Picus,flavinucha,Greater Yellownape,2199,2037.2,173.7,160.1,142,19.6,1067,815,234,2038.9,0.07899045,0.219306467,0.122423485
Macropygia_unchall,Macropygia,unchall,Barred Cuckoo-Dove,2677,2465.75,212.9,207.8,245.95,-22.6,1733.5,1645,61.5,2469.2,0.079529324,0.035477358,-0.108758422
Garrulax_erythrocephalus,Garrulax,erythrocephalus,Chestnut-crowned Laughingthrush,3140,2889.8,251.7,1739,1607,129.5,2463,2251,204,1401,0.080159236,0.082825822,0.074468085
Pycnonotus_striatus,Pycnonotus,striatus,Striated Bulbul,2679.1,2463,216.1,1275.025,1071.025,213.1,1874,1739,135,1404.075,0.080661416,0.07203842,0.167133978
Rhyacornis_fuliginosa,Rhyacornis,fuliginosa,Plumbeous Redstart,2826,2598,228.8,413,229.225,185.7,2089,1425,664,2413,0.080962491,0.317855433,0.449636804
Zosterops_palpebrosus,Zosterops,palpebrosus,Indian White-eye,2236.5,2072.2,183.725,258.025,179.4,78.95,1262,1327,-64,1978.475,0.082148446,-0.050713154,0.305978103
Aethopyga_siparaja,Aethopyga,siparaja,Crimson Sunbird,1579.25,1437.6,131,174.5,143.95,30.55,981,813,157,1404.75,0.082950768,0.160040775,0.175071633
Turdus_albocinctus,Turdus,albocinctus,White-collared Blackbird,3771,3459.9,313,2252.525,1971.825,284.55,2742,2548,190.5,1518.475,0.083001856,0.069474836,0.126324902
Garrulax_ruficollis,Garrulax,ruficollis,Rufous-necked Laughingthrush,1963.7,1809.2,163.4,167.1,187,-16.9,641.5,723.5,-72,1796.6,0.083210266,-0.112236945,-0.101137044
Aegithina_tiphia,Aegithina,tiphia,Common Iora,1555.125,1425,132.2,75,92.55,-19.55,207.5,266,-58.5,1480.125,0.085009244,-0.281927711,-0.260666667
Garrulax_monileger,Garrulax,monileger,Lesser Necklaced Laughingthrush,1586.425,1467.4,137.825,260,142,118,880,540,302,1326.425,0.086877728,0.343181818,0.453846154
Columba_leuconota,Columba,leuconota,Snow Pigeon,4611.8,4210.4,400.8,2588.55,2114,474.55,3744,3407,337,2023.25,0.086907498,0.090010684,0.183326573
Actinodura_nipalensis,Actinodura,nipalensis,Hoary-throated Barwing,3140,2857.4,282.6,1729.4,1678.2,54.15,2590,2343.5,246.5,1410.6,0.09,0.095173745,0.031311437
Sturnus_malabaricus,Sturnus,malabaricus,Chestnut-tailed Starling,1451.7,1320.55,131.15,82.325,78.05,3.05,833,208,625.5,1369.375,0.090342357,0.75090036,0.037048284
Streptopelia_orientalis,Streptopelia,orientalis,Oriental Turtle-Dove,3146.65,2855.9,289.55,769.5,166.05,603.85,2074,1561,512.25,2377.15,0.092018496,0.2469865,0.784730344
Certhia_hodgsoni,Certhia,hodgsoni,Hodgson's Treecreeper,4116,3730.5,385.5,1870,1658,287.25,3000,2805,235.5,2246,0.093658892,0.0785,0.153609626
Dicrurus_remifer,Dicrurus,remifer,Lesser Racket-tailed Drongo,1919,1739,180,163.1,142,21.1,1595,620,949.75,1755.9,0.093798854,0.595454545,0.129368486
Melanochlora_sultanea,Melanochlora,sultanea,Sultan Tit,1920,1739,181,180.35,142,38.35,994,830,201,1739.65,0.094270833,0.20221328,0.212642085
Vanellus_indicus,Vanellus,indicus,Red-wattled Lapwing,1581.75,1426.9,150,84.5,82.95,2,248.5,232,20,1497.25,0.094831674,0.080482897,0.023668639
Abroscopus_albogularis,Abroscopus,albogularis,Rufous-faced Warbler,1048.75,1017.45,101.125,395.9,587.25,-203.45,620,620,0,652.85,0.096424315,0,-0.513892397
Anthus_rufulus,Anthus,rufulus,Paddyfield Pipit,1622,1468.05,159.4,103.4,98.4,5.6,783,250,533,1518.6,0.098273736,0.680715198,0.054158607
Sitta_frontalis,Sitta,frontalis,Velvet-fronted Nuthatch,1982.8,1784,195,162.4,118.85,38.675,858,813,36,1820.4,0.098345774,0.041958042,0.238146552
Dicaeum_ignipectus,Dicaeum,ignipectus,Fire-breasted Flowerpecker,2598,2332.7,263.7,710.85,876.55,-171.3,1802.5,1739,63.5,1887.15,0.101501155,0.035228849,-0.24097911
Dicrurus_aeneus,Dicrurus,aeneus,Bronzed Drongo,1971,1767,203.375,185.2,140.35,45.15,767,647,98,1785.8,0.103183663,0.127770535,0.243790497
Glaucidium_brodiei,Glaucidium,brodiei,Collared Owlet,2812.8,2498.3,301.725,648.6,342.8,289.7,1802,1067,672,2164.2,0.107268558,0.372918979,0.446654332
Garrulax_imbricatus,Garrulax,imbricatus,Bhutan Laughingthrush,3007.5,2679,328.8,1582.35,1556.5,25.375,2192,2042,169.5,1425.15,0.109326683,0.077326642,0.016036275
Picus_chlorolophus,Picus,chlorolophus,Lesser Yellownape,1952.4,1739.45,215.15,151.5,136.5,18.9,804,813,-7,1800.9,0.110197705,-0.008706468,0.124752475
Aegithalos_iouschistos,Aegithalos,iouschistos,Black-browed Tit,3719.4,3289.1,422.5,2251.6,2332.95,-104.25,2803,2630.5,170.5,1467.8,0.11359359,0.060827685,-0.046300409
Parus_major,Parus,major,Cinereous Tit,1743.45,1531,198.65,108.3,95.4,13.65,849,813,49.5,1635.15,0.11394075,0.058303887,0.126038781
Pomatorhinus_schisticeps,Pomatorhinus,schisticeps,White-browed Scimitar-Babbler,2614.85,2343.2,330.9,236.1,224,48.8,962,881.5,92,2378.75,0.126546456,0.095634096,0.20669208
Oriolus_xanthornus,Oriolus,xanthornus,Black-hooded Oriole,536,466.8,68.175,44,72.8,-28.7,148,165.5,-20,492,0.127192164,-0.135135135,-0.652272727
Enicurus_immaculatus,Enicurus,immaculatus,Black-backed Forktail,1921.8,1848,250.15,142,142,1.05,422,317,105,1779.8,0.130164429,0.248815166,0.007394366
Rhipidura_albicollis,Rhipidura,albicollis,White-throated Fantail,2600.7,2280.8,342,111.3,126,-14.25,1739,620,1119,2489.4,0.131503057,0.64347326,-0.128032345
Sylviparus_modestus,Sylviparus,modestus,Yellow-browed Tit,3276,2844.3,434.4,1739,1739,0,2560,2413,143,1537,0.132600733,0.055859375,0
Treron_apicauda,Treron,apicauda,Pin-tailed Green-Pigeon,1051,883.8,139.6,217.5,142,77.6,440,327,111.5,833.5,0.13282588,0.253409091,0.356781609
Phylloscopus_affinis,Phylloscopus,affinis,Tickell's Leaf Warbler,3760.8,3260.3,510.55,269.8,93.4,177.9,2089,1320,769,3491,0.13575569,0.368118717,0.659377317
Lonchura_punctulata,Lonchura,punctulata,Scaly-breasted Munia,1786.925,1543,245.975,96.1,81.15,13,784.5,536,248.5,1690.825,0.137652671,0.316762269,0.135275754
Carduelis_spinoides,Carduelis,spinoides,Yellow-breasted Greenfinch,3143.9,2695.9,447.1,1284.55,965,317.5,2325,1881,428,1859.35,0.142211902,0.184086022,0.247168269
Alcippe_castaneceps,Alcippe,castaneceps,Rufous-winged Fulvetta,3118.8,2677,446.35,1635,620,1015,2214,1739,471,1483.8,0.143115942,0.212737127,0.620795107
Minla_cyanouroptera,Minla,cyanouroptera,Blue-winged Minla,2529.85,2189.7,382.05,714,188,514.275,1763,1463,307.75,1815.85,0.151016859,0.174560408,0.720273109
Aethopyga_saturata,Aethopyga,saturata,Black-throated Sunbird,2378.55,2042.4,359.325,361.6,319.8,65.95,1568.5,686,878.5,2016.95,0.151068929,0.560089257,0.18238385
Turdus_boulboul,Turdus,boulboul,Gray-winged Blackbird,2796.5,2377.25,424.9,515,190,299.725,1979,1757.5,239.5,2281.5,0.151939925,0.121020718,0.581990291
Copsychus_malabaricus,Copsychus,malabaricus,White-rumped Shama,618,523.4,95.65,109.3,101,5.6,233,167,68.5,508.7,0.154773463,0.293991416,0.051235133
Seicercus_affinis,Seicercus,affinis,White-spectacled Warbler,2481.2,2114,387,1361,886,476.55,1739,1739,0,1120.2,0.155972916,0,0.350146951
Carpodacus_nipalensis,Carpodacus,nipalensis,Dark-breasted Rosefinch,4214.45,3544.4,658.35,1785.8,1665,129.35,3044.5,2187.5,866,2428.65,0.156212554,0.284447364,0.072432523
Stigmatopelia_chinensis,Stigmatopelia,chinensis,Spotted Dove,1736,1462.7,272.45,75.85,81.65,-6,981,317,664,1660.15,0.156941244,0.676860347,-0.079103494
Pnoepyga_albiventer,Pnoepyga,albiventer,Scaly-breasted Cupwing,3455.95,2903.6,553.9,1342.6,867,446.85,2510.5,1873,633,2113.35,0.16027431,0.252141008,0.332824371
Xiphirhynchus_superciliaris,Xiphirhynchus,superciliaris,Slender-billed Scimitar-Babbler,2995,2535.5,480.3,1739,1432.4,306.6,2067,1739,328,1256,0.160367279,0.158684083,0.176308223
Yuhina_bakeri,Yuhina,bakeri,White-naped Yuhina,2501,2108,401.9,484,653.4,-208.7,1557,1550.5,16,2017,0.160695722,0.010276172,-0.431198347
Dendrocopos_macei,Dendrocopos,macei,Fulvous-breasted Woodpecker,1777.7,1489.25,289.85,78.5,102.7,-23.475,1096,914.5,227,1699.2,0.163047758,0.207116788,-0.299044586
Monticola_solitarius,Monticola,solitarius,Blue Rock-Thrush,2651.6,2226,435,154.85,114.4,38.6,906,546,360,2496.75,0.164051893,0.397350993,0.24927349
Alauda_gulgula,Alauda,gulgula,Oriental Skylark,3495.5,2918.8,576.7,98.9,108.65,-15.35,2771,2841,-70,3396.6,0.16498355,-0.025261638,-0.15520728
Prinia_hodgsonii,Prinia,hodgsonii,Gray-breasted Prinia,1315.4,1096,219.4,109.3,125.9,-11.375,419,367,84,1206.1,0.166793371,0.200477327,-0.104071363
Prunella_strophiata,Prunella,strophiata,Rufous-breasted Accentor,4099,3414.15,684,1725.8,1692.275,44.8,2677,2530,147,2373.2,0.166869968,0.054912215,0.025958976
Arachnothera_magna,Arachnothera,magna,Streaked Spiderhunter,2089,1739,350,179.9,142,38,830,540,312,1909.1,0.16754428,0.375903614,0.21122846
Tichodroma_muraria,Tichodroma,muraria,Wallcreeper,3481.15,2863.2,584,351.75,410.7,-58.75,1772,1915.5,-128,3129.4,0.167760654,-0.072234763,-0.167022033
Pericrocotus_solaris,Pericrocotus,solaris,Gray-chinned Minivet,2604.3,2182.2,440.3,608.6,430.5,136.65,1707.5,1163.5,533.5,1995.7,0.169066544,0.312445095,0.224531712
Passer_domesticus,Passer,domesticus,House Sparrow,1854,1528.75,318.875,121.5,117.8,3.8,1293,1344,-49,1732.5,0.171992988,-0.037896365,0.03127572
Yuhina_gularis,Yuhina,gularis,Stripe-throated Yuhina,3362.1,2779.55,587.575,1672.6,895.2,784.35,2564,1739,825,1689.5,0.174764284,0.321762871,0.468940572
Megalaima_lineata,Megalaima,lineata,Lineated Barbet,511.3,431.65,90.7,76,82.7,-6.6,185,168,15,435.3,0.177390964,0.081081081,-0.086842105
Minla_ignotincta,Minla,ignotincta,Red-tailed Minla,3055.5,2521.75,548.55,1006.125,674.6,330.35,1999.5,1737,262.5,2049.375,0.179528719,0.131282821,0.328338924
Upupa_epops,Upupa,epops,Eurasian Hoopoe,2854.15,2336.5,517.45,142,82,60,2262,407,1731.75,2712.15,0.181297409,0.765583554,0.422535211
Aethopyga_nipalensis,Aethopyga,nipalensis,Green-tailed Sunbird,3279,2677,602.4,1739,956.4,781.4,2454,1739,715,1540,0.183714547,0.291361043,0.4493387
Monticola_rufiventris,Monticola,rufiventris,Chestnut-bellied Rock-Thrush,3434,2784,639.525,1095,211.65,899.4,2443,1541.5,903.5,2339,0.186233256,0.369832174,0.821369863
Pericrocotus_ethologus,Pericrocotus,ethologus,Long-tailed Minivet,3362.75,2713,633.625,490.125,131.6,350.675,1793,1232,560.75,2872.625,0.188424652,0.312744004,0.715480745
Dicrurus_macrocercus,Dicrurus,macrocercus,Black Drongo,1792.4,1446,340.375,76,84,-7,981,798,183,1716.4,0.189899018,0.186544343,-0.092105263
Heterophasia_pulchella,Heterophasia,pulchella,Beautiful Sibia,3046,2463.75,580.75,1438.75,1305,90.85,2089,1739,350,1607.25,0.190659882,0.16754428,0.063145091
Phylloscopus_maculipennis,Phylloscopus,maculipennis,Ashy-throated Warbler,3434.9,2773.95,661.1,1591.4,898,679.85,2552,1978,570,1843.5,0.192465574,0.223354232,0.427202463
Minla_strigula,Minla,strigula,Chestnut-tailed Minla,3361,2714.25,647,1739,1447.35,270.775,2622,2156,454,1622,0.192502231,0.173150267,0.155707303
Pnoepyga_pusilla,Pnoepyga,pusilla,Pygmy Cupwing,2711.5,2180.25,523.55,813,142,666.8,2040,833,1207,1898.5,0.193085008,0.591666667,0.820172202
Oriolus_traillii,Oriolus,traillii,Maroon Oriole,2669.4,2130,517.4,209,102.2,99.925,1640.5,431.5,1190.5,2460.4,0.193826328,0.725693386,0.478110048
Cisticola_juncidis,Cisticola,juncidis,Zitting Cisticola,1774.725,1425,349.725,82,82,0,536,162,345,1692.725,0.197058699,0.643656716,0
Treron_sphenurus,Treron,sphenurus,Wedge-tailed Green-Pigeon,2834.2,2254.5,559.85,185.925,142,41.4,1785,1565.5,229,2648.275,0.197533696,0.128291317,0.222670432
Seicercus_whistleri,Seicercus,whistleri,Whistler's Warbler,3276,2621,666.5,1676.7,306.75,1361.3,2607.5,1425,1173,1599.3,0.203449328,0.449856184,0.811892408
Arborophila_torqueola,Arborophila,torqueola,Hill Partridge,3389,2677.7,711.05,1739,1739,0,2438,1739,652,1650,0.209811154,0.267432322,0
Zoothera_dauma,Zoothera,dauma,Scaly Thrush,3378.5,2663.5,715,344.1,250.65,26.35,1739,1425.5,335,3034.4,0.211632381,0.192639448,0.076576577
Yuhina_occipitalis,Yuhina,occipitalis,Rufous-vented Yuhina,3548,2756.8,791.65,1739,867.5,871.5,2855,1739,1113,1809,0.223125705,0.389842382,0.501150086
Anthus_hodgsoni,Anthus,hodgsoni,Olive-backed Pipit,3618.8,2767.95,846.175,315,151,169.675,2141.5,1425,716.5,3303.8,0.233827512,0.334578566,0.538650794
Chelidorhynx_hypoxantha,Chelidorhynx,hypoxantha,Yellow-bellied Fairy-Fantail,3445,2637.4,807.05,515,321.75,202.35,2137,1278,839.75,2930,0.234267054,0.392957417,0.392912621
Niltava_macgrigoriae,Niltava,macgrigoriae,Small Niltava,2332.15,1793,548.125,324.3,142,182.3,1594,813,781,2007.85,0.235029908,0.489962359,0.562133827
Phylloscopus_reguloides,Phylloscopus,reguloides,Blyth's Leaf Warbler,3180,2441.4,749.4,1395.075,142,1252.35,2372,1739,633,1784.925,0.235660377,0.266863406,0.897693672
Phylloscopus_chloronotus,Phylloscopus,chloronotus,Lemon-rumped Warbler,3601.4,2745.75,850.25,1239.975,790.6,461.025,2496,1856,646.5,2361.425,0.236088743,0.259014423,0.371801851
Harpactes_erythrocephalus,Harpactes,erythrocephalus,Red-headed Trogon,2377.6,1806.15,564.275,351.6,169.7,156.95,1288,647,625,2026,0.23732966,0.485248447,0.446387941
Aethopyga_ignicauda,Aethopyga,ignicauda,Fire-tailed Sunbird,4116,3161.5,977.325,1315.4,1221.35,113.65,3050.5,1945,1128,2800.6,0.237445335,0.369775447,0.086399574
Saxicola_torquatus,Saxicola,torquatus,Siberian Stonechat,2309,1749,560,100.4,86,13.15,583,395,206,2208.6,0.242529233,0.353344768,0.130976096
Ducula_badia,Ducula,badia,Mountain Imperial-Pigeon,2482,1898.5,614.625,192.5,140.5,54.025,994,309,675.5,2289.5,0.247632957,0.679577465,0.280649351
Tesia_castaneocoronata,Tesia,castaneocoronata,Chestnut-headed Tesia,3146,2365.85,780.15,1443.2,708,746.225,2448.5,1739,709.5,1702.8,0.247981564,0.289769246,0.517062777
Lanius_schach,Lanius,schach,Long-tailed Shrike,2593.75,1941.9,661.5,194,107,87.625,1425,1372,53,2399.75,0.255036145,0.037192982,0.451675258
Saxicola_ferreus,Saxicola,ferreus,Gray Bushchat,3131.8,2325,806.8,1207,233,964.925,2111,1565,559,1924.8,0.257615429,0.264803411,0.799440762
Lanius_tephronotus,Lanius,tephronotus,Gray-backed Shrike,3422,2530,892,219,131.8,88.025,2336,1344,996,3203,0.260666277,0.426369863,0.401940639
Tarsiger_cyanurus,Tarsiger,cyanurus,Himalayan Bluetail,3894.7,2865.3,1029.75,1686.6,1096,579.15,2773.5,2237,527,2208.1,0.264397771,0.190012619,0.343383138
Ficedula_tricolor,Ficedula,tricolor,Slaty-blue Flycatcher,3442.65,2527.1,919.8,503.3,250,253.3,2434,1425,1009,2939.35,0.267177901,0.414543961,0.503278363
Phoenicurus_frontalis,Phoenicurus,frontalis,Blue-fronted Redstart,4217,3028.5,1188.5,1491.6,1161.75,304.275,2710,2316,397,2725.4,0.281835428,0.146494465,0.203992357
Cuculus_varius,Cuculus,varius,Common Hawk-Cuckoo,1790.8,1281.45,516.775,75,52,23,958.5,129.5,835,1715.8,0.288572147,0.871152843,0.306666667
Tesia_cyaniventer,Tesia,cyaniventer,Gray-bellied Tesia,2565.7,1813,745.3,829.75,141.15,696,1739,923,841,1735.95,0.290486027,0.483611271,0.83880687
Cinclidium_leucurum,Cinclidium,leucurum,White-tailed Robin,2500,1784.45,726.975,957.6,140.4,817.1,1739,620,1119,1542.4,0.29079,0.64347326,0.853279031
Pericrocotus_flammeus,Pericrocotus,flammeus,Scarlet Minivet,2699.4,1908.4,790.925,183.4,118.35,67,1067,618,473,2516,0.293000296,0.443298969,0.365321701
Pellorneum_ruficeps,Pellorneum,ruficeps,Puff-throated Babbler,1402,1038.8,414.8,149.7,142,7.7,440.5,200,255,1252.3,0.295863053,0.578887628,0.051436206
Dicrurus_leucophaeus,Dicrurus,leucophaeus,Ashy Drongo,2677,1855.3,821.7,467.35,110.4,359.125,1425,802,631,2209.65,0.306948076,0.442807018,0.768428373
Eumyias_thalassinus,Eumyias,thalassinus,Verditer Flycatcher,2722,1882.85,838.25,695,90.9,604.125,1739,948,791,2027,0.307953711,0.454859114,0.869244604
Zoothera_mollissima,Zoothera,mollissima,Alpine Thrush,4317,2985.5,1331.8,1811,1314.9,496.1,2687.5,2382.5,315.5,2506,0.308501274,0.117395349,0.273937051
Pycnonotus_jocosus,Pycnonotus,jocosus,Red-whiskered Bulbul,1297.95,893.25,401.6,81,92.2,-10.375,200,229.5,-28,1216.95,0.309410994,-0.14,-0.12808642
Ficedula_strophiata,Ficedula,strophiata,Rufous-gorgeted Flycatcher,3596.6,2474,1120.65,909.2,696.8,238.575,2777,1739,1038,2687.4,0.311585942,0.37378466,0.262401012
Artamus_fuscus,Artamus,fuscus,Ashy Woodswallow,622.25,422.5,197.5,76,70.5,6.55,190,196,-2,546.25,0.317396545,-0.010526316,0.086184211
Tesia_olivea,Tesia,olivea,Slaty-bellied Tesia,2484.8,1681.9,806.4,525.4,142,383.4,1739,620,1119,1959.4,0.324533162,0.64347326,0.72972973
Chaimarrornis_leucocephalus,Chaimarrornis,leucocephalus,White-capped Redstart,4166,2800.45,1364.25,298.675,182,112.725,2235,1528,707,3867.325,0.327472396,0.316331096,0.377416925
Dicrurus_hottentottus,Dicrurus,hottentottus,Hair-crested Drongo,1737.75,1154.9,572.025,113.4,108,5.05,786,262.5,512,1624.35,0.329175658,0.651399491,0.044532628
Phylloscopus_pulcher,Phylloscopus,pulcher,Buff-barred Warbler,4116,2743.25,1375.5,1044.8,745.1,463,2768,1867,898.5,3071.2,0.334183673,0.324602601,0.443147014
Tarsiger_hyperythrus,Tarsiger,hyperythrus,Rufous-breasted Bush-Robin,4116,2723.2,1392.8,1648.8,1149,554.025,3361,2046,1343.5,2467.2,0.338386783,0.399732223,0.336017103
Merops_orientalis,Merops,orientalis,Green Bee-eater,536,402.25,182.425,83.95,80.05,3.85,163,188,-24,452.05,0.340345149,-0.147239264,0.045860631
Tarsiger_chrysaeus,Tarsiger,chrysaeus,Golden Bush-Robin,4212.5,2772.1,1438.3,1662.15,971.75,691.475,3361,1853,1513,2550.35,0.341436202,0.450163642,0.416012394
Culicicapa_ceylonensis,Culicicapa,ceylonensis,Gray-headed Canary-Flycatcher,2548.4,1667.4,873.675,489,129.325,369.6,1739,813,926,2059.4,0.342832758,0.532489937,0.755828221
Phylloscopus_inornatus,Phylloscopus,inornatus,Yellow-browed Warbler,3030.9,2005.55,1039.7,198.95,76,119.6,1337.5,214,1132.5,2831.95,0.343033422,0.846728972,0.601156069
Cettia_brunnifrons,Cettia,brunnifrons,Gray-sided Bush Warbler,4105.95,2622.4,1493.6,1512.35,546.05,939.15,3006,1601.5,1399.25,2593.6,0.36376478,0.465485695,0.620987205
Phylloscopus_humei,Phylloscopus,humei,Hume's Warbler,2773.9,1785.35,1011.375,601.5,229.55,171.55,1425,1425,0,2172.4,0.364603987,0,0.285203658
Cyornis_unicolor,Cyornis,unicolor,Pale Blue Flycatcher,2399,1538.75,888.675,667.1,142,525.1,1739,373,1331,1731.9,0.370435598,0.765382404,0.78713836
Coracina_melaschistos,Coracina,melaschistos,Black-winged Cuckooshrike,2637.55,1591.9,1051.225,413,102.275,295.55,1425,429,996,2224.55,0.398561165,0.698947368,0.715617433
Nyctyornis_athertoni,Nyctyornis,athertoni,Blue-bearded Bee-eater,1850.05,1107.825,752.95,134,113.2,20.75,587.5,278,298,1716.05,0.406989,0.507234043,0.154850746
Ficedula_westermanni,Ficedula,westermanni,Little Pied Flycatcher,2428.2,1446.95,995.65,475.8,93.8,379.475,1810,337,1472,1952.4,0.410036241,0.813259669,0.797551492
Brachypteryx_leucophrys,Brachypteryx,leucophrys,Lesser Shortwing,2873.35,1698,1202.2,1114.2,165.35,948.65,1941,375,1566,1759.15,0.418396645,0.806800618,0.851418058
Chalcophaps_indica,Chalcophaps,indica,Asian Emerald Dove,1450.65,839.35,608.875,154.55,142,12.6,504,198,292.75,1296.1,0.41972564,0.580853175,0.081527014
Coracias_benghalensis,Coracias,benghalensis,Indian Roller,999,536,463,90.125,98.6,-8.775,200,186,17.5,908.875,0.463463463,0.0875,-0.097364771
Phylloscopus_trochiloides,Phylloscopus,trochiloides,Greenish Warbler,4116,1986.15,2129.85,110.375,93.2,18.35,1665,551.5,1065.5,4005.625,0.517456268,0.63993994,0.166251416
Centropus_bengalensis,Centropus,bengalensis,Lesser Coucal,1258.3,425.75,838.8,92.8,89.4,-0.45,227,146,83.5,1165.5,0.666613685,0.36784141,-0.004849138
Psittacula_cyanocephala,Psittacula,cyanocephala,Plum-headed Parakeet,1425,463,962,114.8,98.55,15.35,191,186,7,1310.2,0.675087719,0.036649215,0.133710801