Tree.name,Species,Median_S_upper,Median_W_upper,Median_diff_upper,Median_S_median,Median_W_median,Median_diff_median,Median_S_lower,Median_W_lower,Median_diff_lower,Summer_range,Diff_ratio_upper,Diff_ratio_median,Diff_ratio_lower
Treron_phoenicopterus,Yellow-footed Green-Pigeon,859.025,3353.5,-2484.075,388,388,0,268.125,245,22.7,590.9,-0.891737726,0,0.084662005
Nyctyornis_athertoni,Blue-bearded Bee-eater,1011,1397,-358.55,559.5,535,0,272,281,-9.75,739,-0.354648863,0,-0.035845588
Prinia_socialis,Ashy Prinia,923.9,1164,-220.8,458.5,593,-132.25,272,272,0,651.9,-0.238986903,-0.288440567,0
Dicaeum_erythrorhynchos,Pale-billed Flowerpecker,815.25,1011,-191.15,664,664,0,585.225,392.4,163.325,230.025,-0.234467955,0,0.279080695
Lonchura_malabarica,Indian Silverbill,640.8,832.6,-148.9,339,333,8.5,272,271.5,0,368.8,-0.232365793,0.025073746,0
Aegithina_tiphia,Common Iora,1009.9,1222.7,-207.325,388,396,0,269.4,272,-7,740.5,-0.205292603,0,-0.025983667
Megalaima_haemacephala,Coppersmith Barbet,861,1011,-145,591,580,11,272,272,0,589,-0.168408827,0.018612521,0
Pellorneum_ruficeps,Puff-throated Babbler,1052.7,1255,-158.275,602,602,0,354,421,-69.95,698.7,-0.150351477,0,-0.19759887
Merops_orientalis,Green Bee-eater,723.075,827,-97.85,372,653,-281,272,300.2,-28.2,451.075,-0.135324828,-0.755376344,-0.103676471
Pycnonotus_melanicterus,Black-crested Bulbul,1145.8,1279.8,-113.775,442.5,410,19.5,319.225,374.275,-55.2,826.575,-0.099297434,0.044067797,-0.172918788
Ocyceros_birostris,Indian Gray Hornbill,941.075,1011,-74.075,602,602,0,272,272,0,669.075,-0.078713174,0,0
Lanius_vittatus,Bay-backed Shrike,1007,1045.5,-76.65,368,326,42,270.5,272,-2.25,736.5,-0.07611718,0.114130435,-0.00831793
Vanellus_indicus,Red-wattled Lapwing,1226.825,1332,-90.8,414,388,21,272,263.85,8.15,954.825,-0.074012186,0.050724638,0.029963235
Ninox_scutulata,Brown Boobook,880.05,934.775,-57.3,474.5,602,-127.25,324,321.15,5.25,556.05,-0.065109937,-0.268177028,0.016203704
Orthotomus_sutorius,Common Tailorbird,1157,1227,-72.825,602,602,0,272,272,0,885,-0.062942956,0,0
Strix_leptogrammica,Brown Wood-Owl,2202.8,2322.25,-119.45,1549.5,1380.5,169,953.55,630.8,322.75,1249.25,-0.054226439,0.109067441,0.338472026
Psittacula_krameri,Rose-ringed Parakeet,1316.7,1369.85,-69.15,602,602,0,272,272,0,1044.7,-0.052517658,0,0
Pomatorhinus_schisticeps,White-browed Scimitar-Babbler,2173.3,2276.95,-103.65,1135.5,1039,2.25,579.3,438,141.3,1594,-0.047692449,0.001981506,0.24391507
Pycnonotus_jocosus,Red-whiskered Bulbul,782.8,827,-29.8,409,409,0,272,264.25,7.45,510.8,-0.038068472,0,0.027389706
Gallus_gallus,Red Junglefowl,1526.175,1581.25,-56.275,457,602,-145,272,279.95,-7.95,1254.175,-0.036873229,-0.317286652,-0.029227941
Ketupa_zeylonensis,Brown Fish-Owl,1648.575,1713.7,-59.75,1245.25,1332,-66.25,285.85,345.95,-47.1,1362.725,-0.036243422,-0.053202168,-0.164771733
Parus_rufonuchalis,Rufous-naped Tit,3200.65,3322.6,-116,2645,2600.5,47,1662.95,1609.55,26.2,1537.7,-0.036242638,0.017769376,0.015755134
Prinia_hodgsonii,Gray-breasted Prinia,1498,1542.7,-44.85,665.5,658.5,10,272,272,0,1226,-0.02993992,0.015026296,0
Turdoides_striata,Jungle Babbler,1486.45,1521.6,-35.325,638,631,11,272,272,0,1214.45,-0.023764674,0.017241379,0
Psittacula_alexandri,Red-breasted Parakeet,656.25,668.8,-15.275,434,442,-17.5,354,354,0.15,302.25,-0.02327619,-0.040322581,0.000423729
Amandava_amandava,Red Avadavat,617,657.7,-13.45,275.25,364.5,-62.25,267.5,234.6,33.625,349.5,-0.021799028,-0.226158038,0.125700935
Lonchura_punctulata,Scaly-breasted Munia,1522.7,1550,-28,602,602,-1,272,272,0,1250.7,-0.018388389,-0.00166113,0
Garrulax_lineatus,Streaked Laughingthrush,2738,2788,-50,1947,1952,-4,1214,1219,-7,1524,-0.018261505,-0.002054443,-0.005766063
Garrulax_leucolophus,White-crested Laughingthrush,1710.3,1716.6,-29.6,1014.5,1056,-34.5,381,392.125,-10.5,1329.3,-0.017306905,-0.0340069,-0.027559055
Hemipus_picatus,Bar-winged Flycatcher-shrike,1570,1576.8,-24.9,616,602,14,365.75,353.175,16.4,1204.25,-0.015859873,0.022727273,0.044839371
Corvus_splendens,House Crow,1789,1810,-21,580,580,0,272,267,5,1517,-0.011738401,0,0.018382353
Dinopium_shorii,Himalayan Flameback,665.85,666,-6.75,421,579,-143.5,334,343.35,-7.15,331.85,-0.010137418,-0.340855107,-0.021407186
Corvus_corone,Carrion Crow,3653.6,3679,-30.25,3240,3237,3,2852.55,2764.9,122,801.05,-0.008279505,0.000925926,0.042768751
Leiothrix_lutea,Red-billed Leiothrix,2042.65,2051.25,-12.25,1332,1365,-33,666,666,0,1376.65,-0.005997112,-0.024774775,0
Halcyon_smyrnensis,White-throated Kingfisher,1579,1585,-8,443,403,43,272,262,10,1307,-0.005066498,0.097065463,0.036764706
Dendrocopos_auriceps,Brown-fronted Woodpecker,2276.075,2291.2,-11.375,1764.5,1767.5,-2,1177.45,1016,166.475,1098.625,-0.004997638,-0.001133466,0.141386046
Columba_livia,Rock Pigeon,2100,2108,-8,638,638,0,272,272,0,1828,-0.003809524,0,0
Megalaima_lineata,Lineated Barbet,867,869.9,-2.225,388,441,-43,311,307,0,556,-0.002566321,-0.110824742,0
Athene_brama,Spotted Owlet,827,827,0,388,375,20,272,262.95,9.05,555,0,0.051546392,0.033272059
Dendrocitta_formosae,Gray Treepie,2417,2417,0,1498,1292,198,602,446,156,1815,0,0.132176235,0.259136213
Enicurus_maculatus,Spotted Forktail,2417,2417,0,2173,1653,520,1249.5,947.325,289.15,1167.5,0,0.239300506,0.231412565
Garrulax_albogularis,White-throated Laughingthrush,2417,2417,0,2085,2011,74,1327.3,1248,37.1,1089.7,0,0.035491607,0.02795148
Garrulus_lanceolatus,Black-headed Jay,2417,2417,0,2035,1952,83,1365,1332,33,1052,0,0.040786241,0.024175824
Oriolus_traillii,Maroon Oriole,2417,2417,0,1974,1332,679,606.2,370.5,242.225,1810.8,0,0.343971631,0.399579347
Otus_spilocephalus,Mountain Scops-Owl,2417,2417,0,1946,2108,-162,1413,1430.45,-17.45,1004,0,-0.083247688,-0.012349611
Phylloscopus_xanthoschistos,Gray-hooded Warbler,2417,2417,0,1943,1383,560,861,403,458,1556,0,0.288214102,0.531939605
Picus_canus,Gray-headed Woodpecker,2417,2417,0,1542,1498,44,449.325,538.3,-82.075,1967.675,0,0.028534371,-0.182662883
Ploceus_philippinus,Baya Weaver,827,827,0,602,602,0,272,262,10,555,0,0,0.036764706
Pomatorhinus_erythrogenys,Rusty-cheeked Scimitar-Babbler,2417,2417,0,1419,1434,-15,591,592.65,0,1826,0,-0.010570825,0
Pomatorhinus_ruficollis,Streak-breasted Scimitar-Babbler,2417,2417,0,2417,2417,0,1945.1,1614.8,342.975,471.9,0,0,0.176327695
Sturnus_contra,Asian Pied Starling,827,827,0,368,388,-17,272,264.6,7,555,0,-0.046195652,0.025735294
Pica_pica,Eurasian Magpie,4211,4204.5,6.5,3286,3263,23,2629,3088.3,-467.625,1582,0.001543576,0.006999391,-0.177871814
Lophura_leucomelanos,Kalij Pheasant,2499,2489.9,4,1855.5,1745,116,752.05,759.3,1.875,1746.95,0.00160064,0.062516842,0.002493185
Cercomela_fusca,Brown Rock Chat,830.05,827,3.05,584,595,-9,272,272,0,558.05,0.003674477,-0.015410959,0
Pucrasia_macrolopha,Koklass Pheasant,3235.425,3236,13.35,2473.25,2324,147,1667,1708.5,-40.15,1568.425,0.004126197,0.059435965,-0.024085183
Megalaima_asiatica,Blue-throated Barbet,1936,1933.8,8.75,1275,1187,82,522.45,402.05,120.95,1413.55,0.004519628,0.064313725,0.231505407
Parus_dichrous,Gray-crested Tit,3269,3254.15,14.85,2784,2696.5,87.5,1555.975,1622,-70.95,1713.025,0.004542674,0.031429598,-0.045598419
Urocissa_flavirostris,Yellow-billed Blue-Magpie,2511,2499,12,2158,1861,300.75,1152.75,974.6,175.4,1358.25,0.004778973,0.139365153,0.152157883
Yuhina_flavicollis,Whiskered Yuhina,2511,2499,12,2174,1863,311,1556,765.5,787.375,955,0.004778973,0.143054278,0.506025064
Minla_cyanouroptera,Blue-winged Minla,2150.6,2126.8,21.425,1365,1365,0,1095.4,1078.7,38.7,1055.2,0.009962336,0,0.03532956
Tephrodornis_pondicerianus,Common Woodshrike,1055.25,1035.75,11.25,403,441,-46,272.7,272,5.85,782.55,0.010660981,-0.114143921,0.021452145
Dendrocitta_vagabunda,Rufous Treepie,1239.45,1226,14.45,602,591,11,272,272,0,967.45,0.011658397,0.018272425,0
Nectarinia_asiatica,Purple Sunbird,1255,1234.25,14.775,599,409,190,272,268,4,983,0.011772908,0.317195326,0.014705882
Mycerobas_melanozanthos,Spot-winged Grosbeak,2534.2,2499,35.2,2174,2035,139,1413.8,1542.6,-128.8,1120.4,0.013889985,0.063937443,-0.091101995
Ficedula_parva,Red-breasted Flycatcher,1356.75,1332,21.075,580,486,100.75,272,259,13,1084.75,0.015533444,0.173706897,0.047794118
Urocissa_erythrorhyncha,Red-billed Blue-Magpie,2215,2178.65,34.9,1498,1573,-75,666,666,0,1549,0.015756208,-0.050066756,0
Megalaima_zeylanica,Brown-headed Barbet,841.425,827,14.425,602,602,0,272,272,0,569.425,0.017143536,0,0
Parus_monticolus,Green-backed Tit,2548.15,2499,49.15,2173,2035,133,1376.625,1275.5,98.85,1171.525,0.019288503,0.061205706,0.071806047
Hypsipetes_mcclellandii,Mountain Bulbul,2145,2100,45,1383,1502,-119,1248.05,1106,137.3,896.95,0.020979021,-0.08604483,0.110011618
Centropus_sinensis,Greater Coucal,851.425,827,18.85,591,409,183,294,262,32,557.425,0.022139355,0.30964467,0.108843537
Picus_xanthopygaeus,Streak-throated Woodpecker,622.175,602,15.425,412,417,-5,331.6,353.5,-13.425,290.575,0.02479206,-0.012135922,-0.040485525
Turdoides_malcolmi,Large Gray Babbler,710.75,679.75,17.9,599,554.5,46.5,359.1,284,73.65,351.65,0.025184664,0.077629382,0.205096074
Chrysocolaptes_lucidus,Greater Flameback,1419,1387,39,641,600,62,320.95,301.2,15.25,1098.05,0.027484144,0.096723869,0.047515189
Garrulus_glandarius,Eurasian Jay,2488.1,2417,71.1,2158,2108,58,1630,1408,187.8,858.1,0.028576022,0.026876738,0.115214724
Megalaima_virens,Great Barbet,2491.5,2417,74.5,1913,1795,118,1015.9,907.55,116.2,1475.6,0.029901666,0.06168322,0.114381337
Saxicoloides_fulicatus,Indian Robin,1366,1333.8,43,683,599,87,272,272,0,1094,0.03147877,0.127379209,0
Dendrocopos_himalayensis,Himalayan Woodpecker,2953,2860,93,2197.5,2100,98,1542,1510.5,22.475,1411,0.031493397,0.044596132,0.014575227
Hypsipetes_leucocephalus,Black Bulbul,2499,2417,82,1818,1365,453.5,602,404,214,1897,0.032813125,0.249449945,0.355481728
Carpodacus_rubicilla,Great Rosefinch,4632,4468,164,4360,3603,756,3228,3173.4,55,1404,0.035405872,0.173394495,0.017038414
Coracina_macei,Large Cuckooshrike,937.8,935.6,33.6,477,527,-69,272,263.9,10.4,665.8,0.035828535,-0.144654088,0.038235294
Sitta_castanea,Chestnut-bellied Nuthatch,2073.5,2003.5,74.8,1087.5,932,175,373.25,363,11.25,1700.25,0.036074271,0.16091954,0.030140656
Garrulax_erythrocephalus,Chestnut-crowned Laughingthrush,2511,2417,91.6,2402.5,2173,229.5,1630,1303.4,310.3,881,0.03647949,0.095525494,0.190368098
Pteruthius_flaviscapis,Himalayan Shrike-Babbler,2510,2417,93,2085,2010,76,1403.4,1070.85,331.1,1106.6,0.037051793,0.036450839,0.235927034
Garrulax_striatus,Striated Laughingthrush,2510.2,2417,93.2,2035,1974,61,1248,1131.4,111.6,1262.2,0.037128516,0.02997543,0.089423077
Picus_flavinucha,Greater Yellownape,2100,2034.15,78.375,1365,1365,0,385.5,418.425,-33.425,1714.5,0.037321429,0,-0.086705577
Anthracoceros_albirostris,Oriental Pied-Hornbill,830,827,31.225,489,602,-113,269,262.25,2,561,0.037620482,-0.231083845,0.007434944
Glaucidium_radiatum,Jungle Owlet,1419,1365,54,388,388,0,272,255.5,18.6,1147,0.038054968,0,0.068382353
Chrysomma_sinense,Yellow-eyed Babbler,861,827,34,638,666,-11,276.55,272,4.2,584.45,0.039488966,-0.017241379,0.015187127
Garrulax_rufogularis,Rufous-chinned Laughingthrush,2033,1947.45,80.3,1332,1365,-33,699.2,754.4,-35.05,1333.8,0.039498278,-0.024774775,-0.050128719
Sylviparus_modestus,Yellow-browed Tit,3012.425,2893,119.425,2356,2146,209.5,1532.35,1365.9,166.4,1480.075,0.039644141,0.088921902,0.108591379
Dicrurus_aeneus,Bronzed Drongo,2049,1932.475,94.575,1365,1332,33,542,425.8,105.325,1507,0.046156662,0.024175824,0.194326568
Zosterops_palpebrosus,Indian White-eye,2171,2051.25,103.3,666,664,2,272,272,0,1899,0.04758176,0.003003003,0
Francolinus_francolinus,Black Francolin,2305.6,2195.8,110.8,1513.5,1542,-44,621,690.125,-113.125,1684.6,0.048056905,-0.029071688,-0.182165862
Turdus_boulboul,Gray-winged Blackbird,2541.2,2417,124.2,2035,1630,401.5,832.15,441,381.375,1709.05,0.048874547,0.197297297,0.458300787
Pteruthius_xanthochlorus,Green Shrike-Babbler,2635.3,2503.95,130.25,2417,2417,0,1853.1,1687.6,167,782.2,0.049425113,0,0.09011926
Dendrocopos_canicapillus,Gray-capped Woodpecker,1851.2,1757,96.75,602,602,0,357.15,354,0,1494.05,0.052263397,0,0
Pavo_cristatus,Indian Peafowl,1366.9,1247.2,72.325,386,388,-2,272,253.7,18.3,1094.9,0.052911698,-0.005181347,0.067279412
Pericrocotus_flammeus,Scarlet Minivet,2154.1,2067,116.6,1401.5,666,737.5,378.8,353.4,33.4,1775.3,0.054129335,0.526221905,0.088173178
Zoothera_monticola,Long-billed Thrush,2570.5,2424.6,144.55,2417,2173,244,1630,479.35,1144.5,940.5,0.056234196,0.100951593,0.702147239
Lophophorus_impejanus,Himalayan Monal,3447,3254.15,194.5,2868,2670,200,1828.35,1748,18.85,1618.65,0.056425878,0.069735007,0.010309842
Picus_squamatus,Scaly-bellied Woodpecker,2817.7,2652.35,160.475,2040,1913,123,1246.5,1164,74.3,1571.2,0.056952479,0.060294118,0.059606899
Pyrrhula_erythrocephala,Red-headed Bullfinch,3089.5,2922.6,182.75,1942,1918,39,1390.425,1345.6,46.4,1699.075,0.059151966,0.020082389,0.033371092
Picumnus_innominatus,Speckled Piculet,2392.2,2224.225,143.575,1346,1333,2.5,602,602,0,1790.2,0.060017975,0.001857355,0
Nucifraga_caryocatactes,Eurasian Nutcracker,3217,3021.7,193.1,2463,2434,17,1667,1862,-197.7,1550,0.060024868,0.006902152,-0.118596281
Buceros_bicornis,Great Hornbill,957.2,857.6,58.4,438.75,429.5,11.5,307.7,272,34.225,649.5,0.061011283,0.026210826,0.111228469
Prinia_crinigera,Striated Prinia,2315.4,2168.7,142,1763.5,1542,215.5,922.15,861,57.75,1393.25,0.061328496,0.12220017,0.062625386
Oriolus_xanthornus,Black-hooded Oriole,709.125,666,43.575,388,469,-74,272,272,0,437.125,0.061448969,-0.190721649,0
Rhipidura_albicollis,White-throated Fantail,1655.1,1542,102.975,827,627,200,565,283.8,285,1090.1,0.062216784,0.241837969,0.504424779
Aegithalos_concinnus,Black-throated Tit,2581.2,2417,164.2,2093,1994,92,1346.8,1259.5,85.35,1234.4,0.063613823,0.043956044,0.063372438
Parus_xanthogenys,Himalayan Black-lored Tit,2317,2153,147.9,1542,1542,0,867,771,90.9,1450,0.063832542,0,0.104844291
Turdoides_caudata,Common Babbler,1010,941,65.45,599,602,-3,272,272,0,738,0.06480198,-0.005008347,0
Enicurus_scouleri,Little Forktail,2996,2786.6,208.575,1901,1585.5,323,1160.025,817.525,348.25,1835.975,0.069617824,0.169910573,0.300209047
Sitta_himalayensis,White-tailed Nuthatch,2738.6,2548,190.7,2118,2100,18,1409.25,1365,54.15,1329.35,0.06963412,0.008498584,0.038424694
Picus_chlorolophus,Lesser Yellownape,2049.65,1903.375,143.975,1332,1255,73,386,390.75,-4.025,1663.65,0.0702437,0.054804805,-0.010427461
Corvus_macrorhynchos,Large-billed Crow,2836,2630,206,1368,1192.5,177.25,272,272,0,2564,0.072637518,0.129568713,0
Pycnonotus_leucogenys,Himalayan Bulbul,2417,2240,177,1365,1248,117,432.575,388,46,1984.425,0.073231278,0.085714286,0.106339941
Parus_major,Cinereous Tit,3480.25,3220,258.325,1278,1011,276.5,388,368,20,3092.25,0.07422599,0.216353678,0.051546392
Pycnonotus_cafer,Red-vented Bulbul,2173,2009,163,650,653,-3,272,272,0,1901,0.075011505,-0.004615385,0
Heterophasia_capistrata,Rufous Sibia,2621.1,2417,203.7,2173,1986,187,1435.5,1058.75,386.95,1185.6,0.077715463,0.086056144,0.269557645
Alectoris_chukar,Chukar,4567.55,4211,356.55,3540,3332.5,207.5,1788.15,1774.8,14.025,2779.4,0.078061543,0.058615819,0.007843302
Aethopyga_nipalensis,Green-tailed Sunbird,2627,2417,215.5,2417,1504,913,1576,718.9,867.575,1051,0.082032737,0.377741001,0.550491751
Parus_ater,Coal Tit,3169.05,2916.75,260.55,2393,2165,235,1414.6,1367.1,55.075,1754.45,0.082217068,0.098203092,0.038933267
Passer_montanus,Eurasian Tree Sparrow,1946,1769,164.975,941,923,18,683.35,904.85,-137.025,1262.65,0.084776465,0.019128587,-0.2005195
Columba_leuconota,Snow Pigeon,4613.3,4201.75,402.85,3649.5,2642,999,1630,1510.05,143.8,2983.3,0.087323608,0.273736128,0.088220859
Passer_rutilans,Russet Sparrow,2648.5,2417,231.5,1862,1804.25,58,1103.4,1014.575,100.1,1545.1,0.087407967,0.031149302,0.090719594
Corvus_corax,Common Raven,5267,4753.1,469.8,4211,3220,991,1587.8,374,1194.75,3679.2,0.089196886,0.235336025,0.752456229
Pyrrhocorax_pyrrhocorax,Red-billed Chough,4632,4211,421,3540,3263,277,2761.55,2539,227.25,1870.45,0.090889465,0.078248588,0.082290743
Glaucidium_brodiei,Collared Owlet,2918.2,2633.5,282.1,1987,1970,15,1332,1206.8,132.65,1586.2,0.09666918,0.007549069,0.099587087
Columba_rupestris,Hill Pigeon,4665,4211,454,4183,3540,643,2793.25,1310,1474.575,1871.75,0.097320472,0.153717428,0.52790656
Psittacula_himalayana,Slaty-headed Parakeet,2417,2180.7,236,1630,1415,212,534.575,587.925,-24.325,1882.425,0.097641705,0.13006135,-0.045503437
Turdus_unicolor,Tickell's Thrush,2742,2499,270.5,1600,1360,245.5,388,416.75,-31.75,2354,0.09865062,0.1534375,-0.081829897
Acridotheres_tristis,Common Myna,2417,2174,243,941,827,114,272,272,0,2145,0.100537857,0.121147715,0
Stachyris_pyrrhops,Black-chinned Babbler,2417,2174,243,1016,1248,-211.25,386,442.45,-56.725,2031,0.100537857,-0.207923228,-0.146955959
Dendrocopos_macei,Fulvous-breasted Woodpecker,2111.6,1913,215.3,1013,666,346,354,354,0,1757.6,0.101960599,0.341559724,0
Dicaeum_agile,Thick-billed Flowerpecker,1148.475,1025.5,122.25,658.75,602,53,272,275.5,-0.425,876.475,0.106445504,0.080455408,-0.0015625
Serinus_pusillus,Fire-fronted Serin,4460.8,3993,475,3358,2284,1038.5,1671.5,1371.15,299.975,2789.3,0.106483142,0.309261465,0.179464553
Troglodytes_troglodytes,Eurasian Wren,3905.9,3487.8,418.7,2786,2797,-9,1749.5,1593.2,151.775,2156.4,0.107196805,-0.003230438,0.086753358
Turdus_viscivorus,Mistle Thrush,3216,2844,372,2417,2630,-213,1617.225,1671.95,-42.35,1598.775,0.115671642,-0.088125776,-0.026186832
Certhia_himalayana,Bar-tailed Treecreeper,2895,2552.55,342.875,2035,1850.5,192,1332,602,730,1563,0.11843696,0.094348894,0.548048048
Rhyacornis_fuliginosa,Plumbeous Redstart,2989.95,2630,359.95,1802,1080,716,572.925,363,206.85,2417.025,0.120386629,0.397336293,0.361042021
Carduelis_carduelis,European Goldfinch,3627.5,3202.75,437,2393,1613,769,1216.6,861,366.975,2410.9,0.120468642,0.321353949,0.301639816
Myophonus_caeruleus,Blue Whistling-Thrush,2893,2533.4,359.6,2017,1603,413,806,383,423,2087,0.124300035,0.204759544,0.524813896
Garrulax_variegatus,Variegated Laughingthrush,3282.75,2876.5,412.35,2417,2173,244,1669.8,1527.55,153,1612.95,0.125611149,0.100951593,0.09162774
Tichodroma_muraria,Wallcreeper,4080.8,3572.75,512.75,1564,1333,216,385.2,367,20.225,3695.6,0.125649382,0.138107417,0.052505192
Chalcophaps_indica,Asian Emerald Dove,1556.3,1352.25,195.875,602,602,0,318.5,388,-69.5,1237.8,0.12585941,0,-0.218210361
Mycerobas_icterioides,Black-and-yellow Grosbeak,3273,2860,413,2652,2234,414,1852.25,1650.75,189,1420.75,0.126183929,0.156108597,0.102038062
Dinopium_benghalense,Black-rumped Flameback,806,675.05,105.15,440,404.25,32,272,271.4,0.55,534,0.130459057,0.072727273,0.002022059
Carduelis_spinoides,Yellow-breasted Greenfinch,2793.2,2417,376.2,2173,1745,428,777.125,272,490.3,2016.075,0.134684233,0.196962724,0.630915232
Arborophila_torqueola,Hill Partridge,2893,2499,394,2173,2162.5,10.5,1510.375,1555.95,-21.95,1382.625,0.136190805,0.004832029,-0.014532815
Dendrocopos_hyperythrus,Rufous-bellied Woodpecker,2893,2479.05,420.2,2186,2173,13,1630,1542,85.4,1263,0.145247148,0.005946935,0.052392638
Acridotheres_fuscus,Jungle Myna,1952,1662.625,286.275,827,664.25,162.75,386.975,272,116,1565.025,0.146657275,0.196795647,0.299760966
Saxicola_caprata,Pied Bushchat,1748.3,1480,259.2,827,368,459,272,245,27,1476.3,0.148258308,0.555018138,0.099264706
Abroscopus_schisticeps,Black-faced Warbler,2838,2417,421,2146,2145,2,1498,1332,166,1340,0.148343904,0.000931966,0.110814419
Stigmatopelia_senegalensis,Laughing Dove,1013.4,827,154.375,580,562,18,321,281.55,37.45,692.4,0.152333728,0.031034483,0.116666667
Psittacula_cyanocephala,Plum-headed Parakeet,1667.85,1411.1,261.625,664.5,602,62.5,272,272,0,1395.85,0.156863627,0.094055681,0
Dicaeum_ignipectus,Fire-breasted Flowerpecker,2499,2105.7,393.25,2174,1391.5,782.5,1601,638,952.05,898,0.157362945,0.359935603,0.594659588
Copsychus_saularis,Oriental Magpie-Robin,1478,1254.65,233.875,638,580,58,272,272,0,1206,0.158237483,0.090909091,0
Eumyias_thalassinus,Verditer Flycatcher,2499,2081.6,410.5,1922,602,1309,430.5,338.6,89.55,2068.5,0.164265706,0.681061394,0.208013937
Saxicola_ferreus,Gray Bushchat,2608,2173,440.25,1877,827,1050,644.475,326,318.65,1963.525,0.168807515,0.559403303,0.494433454
Pyrrhocorax_graculus,Yellow-billed Chough,5092,4211,881,4162,3358,804,2708.9,2403.5,305.05,2383.1,0.173016496,0.193176358,0.112610285
Hemixos_flavala,Ashy Bulbul,1932.55,1617.2,334.8,1080,1332,-236,386,380,3.85,1546.55,0.173242607,-0.218518519,0.009974093
Coracias_benghalensis,Indian Roller,619.975,492.55,110.7,335.5,279,55.5,245,245,0,374.975,0.178555587,0.165424739,0
Anthus_sylvanus,Upland Pipit,2663.5,2173.5,491.05,1913,1913,0,1237,871.4,382.1,1426.5,0.184362681,0,0.308892482
Cettia_fortipes,Brownish-flanked Bush Warbler,2742,2240,506.4,2148,1862,285.5,1379.95,562.65,832.65,1362.05,0.184682713,0.132914339,0.603391427
Tesia_castaneocoronata,Chestnut-headed Tesia,2965,2417,548,2173,1542.5,617.5,780,611.375,155.75,2185,0.184822934,0.284169351,0.199679487
Aethopyga_siparaja,Crimson Sunbird,1565,1257.8,306,664,656,4,326,321,5,1239,0.195527157,0.006024096,0.015337423
Prunella_rubeculoides,Robin Accentor,5267,4211,1056,4187,3619,574,3304.2,2775.975,527.275,1962.8,0.20049364,0.137090996,0.159577205
Niltava_sundara,Rufous-bellied Niltava,2522.1,2012.2,513.475,2362,871,1482.5,954.225,424.9,531.325,1567.875,0.203590262,0.627646063,0.556813121
Phoenicurus_caeruleocephala,Blue-capped Redstart,3311,2630.4,675.3,2301,1945,356.25,1244.125,1029.8,209.75,2066.875,0.203956509,0.15482399,0.168592384
Prinia_inornata,Plain Prinia,1532.2,1191.9,326,522,434.5,91,272,262.5,9.1,1260.2,0.212765957,0.174329502,0.033455882
Sturnus_pagodarum,Brahminy Starling,1050.85,827,223.85,638,580,58,272,272,0,778.85,0.213018033,0.090909091,0
Monticola_solitarius,Blue Rock-Thrush,4417.4,3509.4,942.4,3076,511,2577,703.25,384.2,283.95,3714.15,0.213338163,0.837776333,0.403768219
Chaimarrornis_leucocephalus,White-capped Redstart,3477.7,2703,744.425,1874,1270,599,441,372,66,3036.7,0.214056704,0.31963714,0.149659864
Dicrurus_hottentottus,Hair-crested Drongo,1309,1025.85,282.075,602,653,-51,354,313.475,38.45,955,0.215488923,-0.084717608,0.108615819
Prunella_strophiata,Rufous-breasted Accentor,3497,2711,766.025,1987,1795,192,1273.2,995.525,283.525,2223.8,0.219052045,0.096628083,0.222686931
Pnoepyga_albiventer,Scaly-breasted Cupwing,3216,2513.8,705.7,1952,1862,90,1291.8,1062.35,227.075,1924.2,0.21943408,0.046106557,0.175781855
Ficedula_superciliaris,Ultramarine Flycatcher,2668.45,2062,601.625,2121,1149,969,589.8,272,313.925,2078.65,0.2254586,0.456859972,0.532256697
Phylloscopus_maculipennis,Ashy-throated Warbler,3240.8,2510,731.6,2417,1952,465,1340,1179.1,162.45,1900.8,0.225746729,0.192387257,0.121231343
Phylloscopus_chloronotus,Lemon-rumped Warbler,3111.1,2417,713.3,1942,1542,387.5,602,492,116.675,2509.1,0.229275819,0.19953656,0.193812292
Turdus_albocinctus,White-collared Blackbird,3428.75,2636.2,791.875,2784,2173,611,1942,1442.75,472.725,1486.75,0.230951513,0.219468391,0.24342173
Leucosticte_nemoricola,Plain Mountain-Finch,4529,3457,1070.125,3665,2138,1505,1754,1583.4,176.875,2775,0.236282844,0.410641201,0.100840935
Phylloscopus_humei,Hume's Warbler,2499,1905.325,593.25,1415,602,813,279.125,272,7.125,2219.875,0.237394958,0.574558304,0.025526198
Tarsiger_cyanurus,Himalayan Bluetail,3298.125,2499,799.125,2271,1952,313.5,1380.25,1255,127.1,1917.875,0.24229676,0.138044914,0.092084767
Corvus_monedula,Eurasian Jackdaw,2704,2045,657.8,1604.5,1602,3,1579,1579,0.05,1125,0.243269231,0.001869741,3.17E-05
Monticola_rufiventris,Chestnut-bellied Rock-Thrush,2893,2173.7,718.2,2122,1509,601.5,1133.2,609.125,512.45,1759.8,0.248254407,0.283459001,0.452214966
Pericrocotus_ethologus,Long-tailed Minivet,2892,2173,720,1974,1011,965,447.375,330.8,118,2444.625,0.248962656,0.488855117,0.263760827
Phylloscopus_pulcher,Buff-barred Warbler,3248,2417,832.025,2083.5,1916,174.25,1336,883.75,449.125,1912,0.256165333,0.083633309,0.336171407
Carpodacus_rodochroa,Pink-browed Rosefinch,3425,2523.3,895.175,2063,1947,117.25,1415,1283.2,145.15,2010,0.261364964,0.056834707,0.102579505
Emberiza_stewarti,White-capped Bunting,2934,2148.8,784.9,1616,1227,461.5,434.7,426.2,15.375,2499.3,0.267518746,0.285581683,0.03536922
Niltava_macgrigoriae,Small Niltava,2417,1757,660,2173,1254,910,1248,391.2,839.325,1169,0.273065784,0.418775886,0.672536058
Phoenicurus_erythrogastrus,White-winged Redstart,5132.35,3678,1460.625,3491,3237,254,2857,2799.35,15.35,2275.35,0.284591854,0.072758522,0.005372769
Rhipidura_aureola,White-browed Fantail,1409.9,1006.2,401.5,666,499,147,343.8,285.6,64.6,1066.1,0.28477197,0.220720721,0.187899942
Phoenicurus_frontalis,Blue-fronted Redstart,3421.1,2417,1004.1,2173,2023.5,150,1385.5,1255,130.5,2035.6,0.29350209,0.069028992,0.094189823
Streptopelia_orientalis,Oriental Turtle-Dove,3420,2401.05,1010.1,2173,1332,841,602,388,214,2818,0.295350877,0.387022549,0.355481728
Minla_strigula,Chestnut-tailed Minla,3447,2417,1030,2489,2011,464.75,1542,1321.15,246.125,1905,0.29881056,0.186721575,0.159614137
Acridotheres_ginginianus,Bank Myna,1297.7,905,391.7,441.5,368,74,258.8,245,11.5,1038.9,0.30184172,0.167610419,0.044435858
Cettia_brunnifrons,Gray-sided Bush Warbler,3482.4,2425.1,1054.8,2295,1630,634,1002.15,602,411.275,2480.25,0.302894555,0.276252723,0.410392656
Carpodacus_nipalensis,Dark-breasted Rosefinch,3475.5,2417,1058.5,2417,2174,243,1844.3,1568.9,271.6,1631.2,0.304560495,0.100537857,0.147264545
Chelidorhynx_hypoxantha,Yellow-bellied Fairy-Fantail,3236,2185.5,1021.85,1388,771,643,486.6,360.75,128.65,2749.4,0.315775649,0.463256484,0.264385532
Dicrurus_leucophaeus,Ashy Drongo,2417,1652.2,765.8,1943,664,1279,550.925,272,278.925,1866.075,0.316839057,0.658260422,0.506284885
Passer_domesticus,House Sparrow,3566.4,2417,1149.4,1360,1219,134.25,272,272,0,3294.4,0.322285778,0.098713235,0
Prunella_collaris,Alpine Accentor,5267,3486.05,1780.95,3094,2734.5,359.5,1847.8,1399,360.6,3419.2,0.338133662,0.116192631,0.19515099
Streptopelia_decaocto,Eurasian Collared-Dove,2417,1591,826,954,421,522.75,272,262,10,2145,0.341745966,0.547955975,0.036764706
Anthus_rufulus,Paddyfield Pipit,1286.2,836.45,447.875,387.5,342,42,245,240.7,4.55,1041.2,0.348215674,0.108387097,0.018571429
Eudynamys_scolopaceus,Asian Koel,1945,1256,690.9,616,409,207,272,272,0,1673,0.355218509,0.336038961,0
Phylloscopus_trochiloides,Greenish Warbler,2892.75,1814,1037,861,591,270,272,272,0,2620.75,0.358482413,0.31358885,0
Pericrocotus_cinnamomeus,Small Minivet,1452,892.2,526.475,486,440,40.5,272,262.575,6.15,1180,0.362586088,0.083333333,0.022610294
Stigmatopelia_chinensis,Spotted Dove,2173,1383,790,653,602,51,272,272,0,1901,0.363552692,0.078101072,0
Saxicola_torquatus,Siberian Stonechat,3253.8,2049,1199.85,1694,666,993.75,386.6,262,125.3,2867.2,0.368753457,0.58662928,0.324107605
Lanius_schach,Long-tailed Shrike,3247.25,2039.2,1207,1589,638,956,368,272,96,2879.25,0.37169913,0.601636249,0.260869565
Sitta_frontalis,Velvet-fronted Nuthatch,2163.65,1348.5,809.4,600.75,602,-1,354,363,-12.575,1809.65,0.374090079,-0.001664586,-0.035522599
Seicercus_whistleri,Whistler's Warbler,3185.2,1968.8,1211.5,1376.5,602,774.5,468.5,392.7,74,2716.7,0.380352882,0.562658918,0.157950907
Tarsiger_chrysaeus,Golden Bush-Robin,3498.4,2173,1330.8,2135,1582.5,534,1248,938.6,306.4,2250.4,0.38040247,0.250117096,0.245512821
Emberiza_cia,Rock Bunting,4259,2630,1629,2504,1987,512,1375.075,932,449,2883.925,0.382484151,0.204472843,0.326527644
Anthus_hodgsoni,Olive-backed Pipit,3784.15,2173.075,1610.275,1695,1266,431,272,272,0,3512.15,0.425531493,0.254277286,0
Upupa_epops,Eurasian Hoopoe,3566,2072.85,1523.225,1609,421,1189,310.6,262,47.4,3255.4,0.427152271,0.738968303,0.152607856
Hirundo_rupestris,Eurasian Crag-Martin,4405,2522.45,1882.55,3283,1640,1628,1874.5,411.5,1462.4,2530.5,0.427366629,0.495887907,0.780154708
Ficedula_strophiata,Rufous-gorgeted Flycatcher,3160.05,1782.35,1359.65,2642.5,861,1763,602,424.8,188.6,2558.05,0.430262179,0.667171239,0.313289037
Dendrocopos_nanus,Brown-capped Woodpecker,1720.3,978,751,438,438,5,290.45,272,22.1,1429.85,0.436551764,0.011415525,0.076088828
Culicicapa_ceylonensis,Gray-headed Canary-Flycatcher,2499,1400,1099,2076,602,1474,679.4,327.55,349.375,1819.6,0.43977591,0.710019268,0.514240506
Ficedula_tricolor,Slaty-blue Flycatcher,3179.15,1640,1518.975,1730.5,871.5,850,591.55,372,219,2587.6,0.477792806,0.491187518,0.370213845
Dicrurus_macrocercus,Black Drongo,1681.675,861,821.225,580,406,175.5,272,262,10,1409.675,0.488337521,0.302586207,0.036764706
Lanius_tephronotus,Gray-backed Shrike,4325.05,2173.3,2165.55,2090.5,1620.5,439,616,411,219.75,3709.05,0.500699414,0.209997608,0.356737013
Zoothera_cinerea,Orange-headed Thrush,1365,666,699,602,602,0,386,503,-123.55,979,0.512087912,0,-0.32007772
Phylloscopus_affinis,Tickell's Leaf Warbler,4510.8,2125.3,2385.1,2054,1520.5,592.5,659,421.45,240.9,3851.8,0.528753215,0.288461538,0.365553869
Luscinia_pectoralis,Himalayan Rubythroat,3975,1667,2290.2,1637,1040.5,601,759.375,397,341.325,3215.625,0.576150943,0.367135003,0.449481481
Ficedula_albicilla,Taiga Flycatcher,2649.75,861,1707.85,441,602,-116.5,312.6,307.4,-0.15,2337.15,0.644532503,-0.264172336,-0.000479846